<idynomics>
 <simulation iterate="10" time="5.0" unit="hour">
<thickness domain="MyBiofilm" unit="um">
	<mean>12.40677966101695</mean>
	<stddev>24.444415426874464</stddev>
	<max>124.0</max>
</thickness>
<bulk name="MyTank">
<solute name="MyCOD" unit="g.L-1">0.0010788509674965073</solute>
<solute name="ai2" unit="g.L-1">0.021671405345632923</solute>
<solute name="pressure" unit="g.L-1">0.0</solute>
<uptake_rate name="MyCOD" unit="g.L-1.hour-1">-0.005616415636700152</uptake_rate>
<uptake_rate name="ai2" unit="g.L-1.hour-1">0.01768403415034982</uptake_rate>
<uptake_rate name="pressure" unit="g.L-1.hour-1">0.0</uptake_rate>
</bulk>

</simulation>
</idynomics>