<idynomics>
 <simulation iterate="2" time="1.0" unit="hour">
<thickness domain="MyBiofilm" unit="um">
	<mean>15.0</mean>
	<stddev>32.62820865447565</stddev>
	<max>132.0</max>
</thickness>
<bulk name="MyTank">
<solute name="MyCOD" unit="g.L-1">0.006370912093305208</solute>
<solute name="ai2" unit="g.L-1">0.002498414001528973</solute>
<solute name="pressure" unit="g.L-1">0.0</solute>
<uptake_rate name="MyCOD" unit="g.L-1.hour-1">-0.006081545015531853</uptake_rate>
<uptake_rate name="ai2" unit="g.L-1.hour-1">0.004197965713356846</uptake_rate>
<uptake_rate name="pressure" unit="g.L-1.hour-1">0.0</uptake_rate>
</bulk>

</simulation>
</idynomics>