<idynomics>
 <simulation iterate="12" time="6.0" unit="hour">
<thickness domain="MyBiofilm" unit="um">
	<mean>16.5</mean>
	<stddev>31.17290490153268</stddev>
	<max>132.0</max>
</thickness>
<bulk name="MyTank">
<solute name="MyCOD" unit="g.L-1">0.0010796691527530375</solute>
<solute name="ai2" unit="g.L-1">0.026564126757555956</solute>
<solute name="pressure" unit="g.L-1">0.0</solute>
<uptake_rate name="MyCOD" unit="g.L-1.hour-1">-0.005068079109071284</uptake_rate>
<uptake_rate name="ai2" unit="g.L-1.hour-1">0.02080526862088318</uptake_rate>
<uptake_rate name="pressure" unit="g.L-1.hour-1">0.0</uptake_rate>
</bulk>

</simulation>
</idynomics>