<idynomics>
 <simulation iterate="22" time="11.0" unit="hour">
<thickness domain="MyBiofilm" unit="um">
	<mean>14.782608695652174</mean>
	<stddev>22.53812844435885</stddev>
	<max>100.0</max>
</thickness>
<bulk name="MyTank">
<solute name="MyCOD" unit="g.L-1">0.0023076923076923075</solute>
<solute name="ai2" unit="g.L-1">0.053876538070960704</solute>
<solute name="pressure" unit="g.L-1">0.0</solute>
<uptake_rate name="MyCOD" unit="g.L-1.hour-1">0.0</uptake_rate>
<uptake_rate name="ai2" unit="g.L-1.hour-1">0.03901137389312169</uptake_rate>
<uptake_rate name="pressure" unit="g.L-1.hour-1">0.0</uptake_rate>
</bulk>

</simulation>
</idynomics>