<idynomics>
 <simulation iterate="2" time="1.0" unit="hour">
<thickness domain="MyBiofilm" unit="um">
	<mean>35.86666666666667</mean>
	<stddev>36.47074931442396</stddev>
	<max>124.0</max>
</thickness>
<bulk name="MyTank">
<solute name="MyCOD" unit="g.L-1">0.006326417989643485</solute>
<solute name="ai2" unit="g.L-1">0.0025312460301115886</solute>
<solute name="pressure" unit="g.L-1">0.0</solute>
<uptake_rate name="MyCOD" unit="g.L-1.hour-1">-0.006152872131075431</uptake_rate>
<uptake_rate name="ai2" unit="g.L-1.hour-1">0.0042532016478811375</uptake_rate>
<uptake_rate name="pressure" unit="g.L-1.hour-1">0.0</uptake_rate>
</bulk>

</simulation>
</idynomics>