<idynomics>
 <simulation iterate="12" time="6.0" unit="hour">
<thickness domain="MyBiofilm" unit="um">
	<mean>12.421052631578947</mean>
	<stddev>23.42808883072597</stddev>
	<max>124.0</max>
</thickness>
<bulk name="MyTank">
<solute name="MyCOD" unit="g.L-1">7.919795064612751E-4</solute>
<solute name="ai2" unit="g.L-1">0.027819107261355343</solute>
<solute name="pressure" unit="g.L-1">0.0</solute>
<uptake_rate name="MyCOD" unit="g.L-1.hour-1">-0.006844882019174018</uptake_rate>
<uptake_rate name="ai2" unit="g.L-1.hour-1">0.02128254991324913</uptake_rate>
<uptake_rate name="pressure" unit="g.L-1.hour-1">0.0</uptake_rate>
</bulk>

</simulation>
</idynomics>