<idynomics>
 <simulation iterate="2" time="1.0" unit="hour">
<thickness domain="MyBiofilm" unit="um">
	<mean>16.878048780487806</mean>
	<stddev>32.140085997085656</stddev>
	<max>124.0</max>
</thickness>
<bulk name="MyTank">
<solute name="MyCOD" unit="g.L-1">0.006410106999990038</solute>
<solute name="ai2" unit="g.L-1">0.002471327442924433</solute>
<solute name="pressure" unit="g.L-1">0.0</solute>
<uptake_rate name="MyCOD" unit="g.L-1.hour-1">-0.006015995147004667</uptake_rate>
<uptake_rate name="ai2" unit="g.L-1.hour-1">0.00415245378989338</uptake_rate>
<uptake_rate name="pressure" unit="g.L-1.hour-1">0.0</uptake_rate>
</bulk>

</simulation>
</idynomics>