<idynomics>
 <simulation iterate="14" time="7.0" unit="hour">
<thickness domain="MyBiofilm" unit="um">
	<mean>7.0476190476190474</mean>
	<stddev>3.884967248451645</stddev>
	<max>12.0</max>
</thickness>
<bulk name="MyTank">
<solute name="MyCOD" unit="g.L-1">0.0011815752092953142</solute>
<solute name="ai2" unit="g.L-1">0.0310585014086396</solute>
<solute name="pressure" unit="g.L-1">0.0</solute>
<uptake_rate name="MyCOD" unit="g.L-1.hour-1">-0.004601353202045992</uptake_rate>
<uptake_rate name="ai2" unit="g.L-1.hour-1">0.02326844929044668</uptake_rate>
<uptake_rate name="pressure" unit="g.L-1.hour-1">0.0</uptake_rate>
</bulk>

</simulation>
</idynomics>