<idynomics>
 <simulation iterate="4" time="2.0" unit="hour">
<thickness domain="MyBiofilm" unit="um">
	<mean>19.11111111111111</mean>
	<stddev>34.531931903495554</stddev>
	<max>132.0</max>
</thickness>
<bulk name="MyTank">
<solute name="MyCOD" unit="g.L-1">9.28616642906925E-4</solute>
<solute name="ai2" unit="g.L-1">0.0071072816682909296</solute>
<solute name="pressure" unit="g.L-1">0.0</solute>
<uptake_rate name="MyCOD" unit="g.L-1.hour-1">-0.010366847166862848</uptake_rate>
<uptake_rate name="ai2" unit="g.L-1.hour-1">0.009222068201381658</uptake_rate>
<uptake_rate name="pressure" unit="g.L-1.hour-1">0.0</uptake_rate>
</bulk>

</simulation>
</idynomics>