<idynomics>
 <simulation iterate="20" time="10.0" unit="hour">
<thickness domain="MyBiofilm" unit="um">
	<mean>24.74418604651163</mean>
	<stddev>32.76703748079331</stddev>
	<max>132.0</max>
</thickness>
<bulk name="MyTank">
<solute name="MyCOD" unit="g.L-1">0.0013698874761967318</solute>
<solute name="ai2" unit="g.L-1">0.047276092817152615</solute>
<solute name="pressure" unit="g.L-1">0.0</solute>
<uptake_rate name="MyCOD" unit="g.L-1.hour-1">-0.006236225940835444</uptake_rate>
<uptake_rate name="ai2" unit="g.L-1.hour-1">0.032974851536074115</uptake_rate>
<uptake_rate name="pressure" unit="g.L-1.hour-1">0.0</uptake_rate>
</bulk>

</simulation>
</idynomics>