<idynomics>
 <simulation iterate="36" time="18.0" unit="hour">
<thickness domain="MyBiofilm" unit="um">
	<mean>28.163265306122447</mean>
	<stddev>31.917845394761514</stddev>
	<max>124.0</max>
</thickness>
<bulk name="MyTank">
<solute name="MyCOD" unit="g.L-1">0.001087819916609771</solute>
<solute name="ai2" unit="g.L-1">0.08771322193579358</solute>
<solute name="pressure" unit="g.L-1">0.0</solute>
<uptake_rate name="MyCOD" unit="g.L-1.hour-1">-0.005500583314467007</uptake_rate>
<uptake_rate name="ai2" unit="g.L-1.hour-1">0.05801244599665077</uptake_rate>
<uptake_rate name="pressure" unit="g.L-1.hour-1">0.0</uptake_rate>
</bulk>

</simulation>
</idynomics>