<idynomics>
 <simulation iterate="14" time="7.0" unit="hour">
<thickness domain="MyBiofilm" unit="um">
	<mean>29.636363636363637</mean>
	<stddev>38.23675701176633</stddev>
	<max>124.0</max>
</thickness>
<bulk name="MyTank">
<solute name="MyCOD" unit="g.L-1">0.0020765209643329443</solute>
<solute name="ai2" unit="g.L-1">0.03317661465106511</solute>
<solute name="pressure" unit="g.L-1">0.0</solute>
<uptake_rate name="MyCOD" unit="g.L-1.hour-1">-0.004748369121941918</uptake_rate>
<uptake_rate name="ai2" unit="g.L-1.hour-1">0.02438996423288658</uptake_rate>
<uptake_rate name="pressure" unit="g.L-1.hour-1">0.0</uptake_rate>
</bulk>

</simulation>
</idynomics>