<idynomics>
 <simulation iterate="24" time="12.0" unit="hour">
<thickness domain="MyBiofilm" unit="um">
	<mean>13.855072463768115</mean>
	<stddev>20.527306212873338</stddev>
	<max>92.0</max>
</thickness>
<bulk name="MyTank">
<solute name="MyCOD" unit="g.L-1">0.0023076923076923075</solute>
<solute name="ai2" unit="g.L-1">0.06020790181233679</solute>
<solute name="pressure" unit="g.L-1">0.0</solute>
<uptake_rate name="MyCOD" unit="g.L-1.hour-1">0.0</uptake_rate>
<uptake_rate name="ai2" unit="g.L-1.hour-1">0.04305802874687616</uptake_rate>
<uptake_rate name="pressure" unit="g.L-1.hour-1">0.0</uptake_rate>
</bulk>

</simulation>
</idynomics>