<idynomics>
 <simulation iterate="8" time="4.0" unit="hour">
<thickness domain="MyBiofilm" unit="um">
	<mean>16.75</mean>
	<stddev>27.66654116437398</stddev>
	<max>108.0</max>
</thickness>
<bulk name="MyTank">
<solute name="MyCOD" unit="g.L-1">0.001471976758604498</solute>
<solute name="ai2" unit="g.L-1">0.016976711001324953</solute>
<solute name="pressure" unit="g.L-1">0.0</solute>
<uptake_rate name="MyCOD" unit="g.L-1.hour-1">-0.00400045921546384</uptake_rate>
<uptake_rate name="ai2" unit="g.L-1.hour-1">0.015333754570382227</uptake_rate>
<uptake_rate name="pressure" unit="g.L-1.hour-1">0.0</uptake_rate>
</bulk>

</simulation>
</idynomics>