<idynomics>
 <simulation iterate="32" time="16.0" unit="hour">
<thickness domain="MyBiofilm" unit="um">
	<mean>13.534246575342467</mean>
	<stddev>20.71203884699607</stddev>
	<max>116.0</max>
</thickness>
<bulk name="MyTank">
<solute name="MyCOD" unit="g.L-1">0.0023076923076923075</solute>
<solute name="ai2" unit="g.L-1">0.08871143958275528</solute>
<solute name="pressure" unit="g.L-1">0.0</solute>
<uptake_rate name="MyCOD" unit="g.L-1.hour-1">0.0</uptake_rate>
<uptake_rate name="ai2" unit="g.L-1.hour-1">0.061075566688647866</uptake_rate>
<uptake_rate name="pressure" unit="g.L-1.hour-1">0.0</uptake_rate>
</bulk>

</simulation>
</idynomics>