<idynomics>
 <simulation iterate="22" time="11.0" unit="hour">
<thickness domain="MyBiofilm" unit="um">
	<mean>9.611940298507463</mean>
	<stddev>10.063908062426487</stddev>
	<max>60.0</max>
</thickness>
<bulk name="MyTank">
<solute name="MyCOD" unit="g.L-1">0.0023076923076923075</solute>
<solute name="ai2" unit="g.L-1">0.05386099802643992</solute>
<solute name="pressure" unit="g.L-1">0.0</solute>
<uptake_rate name="MyCOD" unit="g.L-1.hour-1">0.0</uptake_rate>
<uptake_rate name="ai2" unit="g.L-1.hour-1">0.039038036061153046</uptake_rate>
<uptake_rate name="pressure" unit="g.L-1.hour-1">0.0</uptake_rate>
</bulk>

</simulation>
</idynomics>