<idynomics>
 <simulation iterate="20" time="10.0" unit="hour">
<thickness domain="MyBiofilm" unit="um">
	<mean>10.736842105263158</mean>
	<stddev>2.917138202221267</stddev>
	<max>12.0</max>
</thickness>
<bulk name="MyTank">
<solute name="MyCOD" unit="g.L-1">0.0012436619144131499</solute>
<solute name="ai2" unit="g.L-1">0.04460067506814139</solute>
<solute name="pressure" unit="g.L-1">0.0</solute>
<uptake_rate name="MyCOD" unit="g.L-1.hour-1">-0.0042075563819510935</uptake_rate>
<uptake_rate name="ai2" unit="g.L-1.hour-1">0.03131177250889749</uptake_rate>
<uptake_rate name="pressure" unit="g.L-1.hour-1">0.0</uptake_rate>
</bulk>

</simulation>
</idynomics>