<idynomics>
 <simulation iterate="34" time="17.0" unit="hour">
<thickness domain="MyBiofilm" unit="um">
	<mean>14.571428571428571</mean>
	<stddev>5.260557897006276</stddev>
	<max>20.0</max>
</thickness>
<bulk name="MyTank">
<solute name="MyCOD" unit="g.L-1">0.0023076923076923075</solute>
<solute name="ai2" unit="g.L-1">0.07840011867562037</solute>
<solute name="pressure" unit="g.L-1">0.0</solute>
<uptake_rate name="MyCOD" unit="g.L-1.hour-1">0.0</uptake_rate>
<uptake_rate name="ai2" unit="g.L-1.hour-1">0.05302803966088812</uptake_rate>
<uptake_rate name="pressure" unit="g.L-1.hour-1">0.0</uptake_rate>
</bulk>

</simulation>
</idynomics>