<idynomics>
 <simulation iterate="14" time="7.0" unit="hour">
<thickness domain="MyBiofilm" unit="um">
	<mean>27.55056179775281</mean>
	<stddev>36.342630193029606</stddev>
	<max>132.0</max>
</thickness>
<bulk name="MyTank">
<solute name="MyCOD" unit="g.L-1">0.0013155538871082654</solute>
<solute name="ai2" unit="g.L-1">0.03336298089623573</solute>
<solute name="pressure" unit="g.L-1">0.0</solute>
<uptake_rate name="MyCOD" unit="g.L-1.hour-1">-0.00519024348394358</uptake_rate>
<uptake_rate name="ai2" unit="g.L-1.hour-1">0.024839660820387122</uptake_rate>
<uptake_rate name="pressure" unit="g.L-1.hour-1">0.0</uptake_rate>
</bulk>

</simulation>
</idynomics>