<idynomics>
 <simulation iterate="8" time="4.0" unit="hour">
<thickness domain="MyBiofilm" unit="um">
	<mean>28.682926829268293</mean>
	<stddev>36.79238987085894</stddev>
	<max>132.0</max>
</thickness>
<bulk name="MyTank">
<solute name="MyCOD" unit="g.L-1">0.0014265658197922834</solute>
<solute name="ai2" unit="g.L-1">0.01793172212264473</solute>
<solute name="pressure" unit="g.L-1">0.0</solute>
<uptake_rate name="MyCOD" unit="g.L-1.hour-1">-0.005094954659073256</uptake_rate>
<uptake_rate name="ai2" unit="g.L-1.hour-1">0.01614592674067962</uptake_rate>
<uptake_rate name="pressure" unit="g.L-1.hour-1">0.0</uptake_rate>
</bulk>

</simulation>
</idynomics>