<idynomics>
 <simulation iterate="6" time="3.0" unit="hour">
<thickness domain="MyBiofilm" unit="um">
	<mean>10.814814814814815</mean>
	<stddev>20.215573455900053</stddev>
	<max>108.0</max>
</thickness>
<bulk name="MyTank">
<solute name="MyCOD" unit="g.L-1">0.0014364069107906537</solute>
<solute name="ai2" unit="g.L-1">0.011996885492819982</solute>
<solute name="pressure" unit="g.L-1">0.0</solute>
<uptake_rate name="MyCOD" unit="g.L-1.hour-1">-0.003962909177267549</uptake_rate>
<uptake_rate name="ai2" unit="g.L-1.hour-1">0.012978757445309169</uptake_rate>
<uptake_rate name="pressure" unit="g.L-1.hour-1">0.0</uptake_rate>
</bulk>

</simulation>
</idynomics>