<idynomics>
 <simulation iterate="26" time="13.0" unit="hour">
<thickness domain="MyBiofilm" unit="um">
	<mean>31.160493827160494</mean>
	<stddev>37.64271830954089</stddev>
	<max>132.0</max>
</thickness>
<bulk name="MyTank">
<solute name="MyCOD" unit="g.L-1">0.01</solute>
<solute name="ai2" unit="g.L-1">0.0</solute>
<solute name="pressure" unit="g.L-1">0.0</solute>
<uptake_rate name="MyCOD" unit="g.L-1.hour-1">0.0</uptake_rate>
<uptake_rate name="ai2" unit="g.L-1.hour-1">0.0</uptake_rate>
<uptake_rate name="pressure" unit="g.L-1.hour-1">0.0</uptake_rate>
</bulk>

</simulation>
</idynomics>