<idynomics>
 <simulation iterate="28" time="14.0" unit="hour">
<thickness domain="MyBiofilm" unit="um">
	<mean>15.085714285714285</mean>
	<stddev>20.29689832542533</stddev>
	<max>84.0</max>
</thickness>
<bulk name="MyTank">
<solute name="MyCOD" unit="g.L-1">0.0019238888837949386</solute>
<solute name="ai2" unit="g.L-1">0.06454603048859893</solute>
<solute name="pressure" unit="g.L-1">0.0</solute>
<uptake_rate name="MyCOD" unit="g.L-1.hour-1">-0.0017233688898764476</uptake_rate>
<uptake_rate name="ai2" unit="g.L-1.hour-1">0.043868995858918416</uptake_rate>
<uptake_rate name="pressure" unit="g.L-1.hour-1">0.0</uptake_rate>
</bulk>

</simulation>
</idynomics>