<idynomics>
 <simulation iterate="14" time="7.0" unit="hour">
<thickness domain="MyBiofilm" unit="um">
	<mean>15.375</mean>
	<stddev>24.851747926453786</stddev>
	<max>132.0</max>
</thickness>
<bulk name="MyTank">
<solute name="MyCOD" unit="g.L-1">0.0015392759299833589</solute>
<solute name="ai2" unit="g.L-1">0.030859349939262294</solute>
<solute name="pressure" unit="g.L-1">0.0</solute>
<uptake_rate name="MyCOD" unit="g.L-1.hour-1">-0.0031955472060741074</uptake_rate>
<uptake_rate name="ai2" unit="g.L-1.hour-1">0.023306998201541446</uptake_rate>
<uptake_rate name="pressure" unit="g.L-1.hour-1">0.0</uptake_rate>
</bulk>

</simulation>
</idynomics>