<idynomics>
 <simulation iterate="42" time="21.0" unit="hour">
<thickness domain="MyBiofilm" unit="um">
	<mean>24.72289156626506</mean>
	<stddev>30.897542793480987</stddev>
	<max>124.0</max>
</thickness>
<bulk name="MyTank">
<solute name="MyCOD" unit="g.L-1">0.0</solute>
<solute name="ai2" unit="g.L-1">0.11852065505236677</solute>
<solute name="pressure" unit="g.L-1">0.0</solute>
<uptake_rate name="MyCOD" unit="g.L-1.hour-1">-0.010308927326467451</uptake_rate>
<uptake_rate name="ai2" unit="g.L-1.hour-1">0.07715705109329808</uptake_rate>
<uptake_rate name="pressure" unit="g.L-1.hour-1">0.0</uptake_rate>
</bulk>

</simulation>
</idynomics>