<idynomics>
 <simulation iterate="16" time="8.0" unit="hour">
<thickness domain="MyBiofilm" unit="um">
	<mean>29.77777777777778</mean>
	<stddev>35.09028918464092</stddev>
	<max>132.0</max>
</thickness>
<bulk name="MyTank">
<solute name="MyCOD" unit="g.L-1">0.0023341141492071176</solute>
<solute name="ai2" unit="g.L-1">0.03814737717209759</solute>
<solute name="pressure" unit="g.L-1">0.0</solute>
<uptake_rate name="MyCOD" unit="g.L-1.hour-1">-0.003015359779410359</uptake_rate>
<uptake_rate name="ai2" unit="g.L-1.hour-1">0.027662460732838966</uptake_rate>
<uptake_rate name="pressure" unit="g.L-1.hour-1">0.0</uptake_rate>
</bulk>

</simulation>
</idynomics>