<idynomics>
 <simulation iterate="32" time="16.0" unit="hour">
<thickness domain="MyBiofilm" unit="um">
	<mean>29.010526315789473</mean>
	<stddev>36.416160304210266</stddev>
	<max>132.0</max>
</thickness>
<bulk name="MyTank">
<solute name="MyCOD" unit="g.L-1">0.001586241046221959</solute>
<solute name="ai2" unit="g.L-1">0.085410347358867</solute>
<solute name="pressure" unit="g.L-1">0.0</solute>
<uptake_rate name="MyCOD" unit="g.L-1.hour-1">-0.005521471325920234</uptake_rate>
<uptake_rate name="ai2" unit="g.L-1.hour-1">0.05879669101159346</uptake_rate>
<uptake_rate name="pressure" unit="g.L-1.hour-1">0.0</uptake_rate>
</bulk>

</simulation>
</idynomics>