<idynomics>
 <simulation iterate="14" time="7.0" unit="hour">
<thickness domain="MyBiofilm" unit="um">
	<mean>32.8643216080402</mean>
	<stddev>36.265584879474076</stddev>
	<max>132.0</max>
</thickness>
<bulk name="MyTank">
<solute name="MyCOD" unit="g.L-1">0.01</solute>
<solute name="ai2" unit="g.L-1">0.0</solute>
<solute name="pressure" unit="g.L-1">0.0</solute>
<uptake_rate name="MyCOD" unit="g.L-1.hour-1">0.0</uptake_rate>
<uptake_rate name="ai2" unit="g.L-1.hour-1">0.0</uptake_rate>
<uptake_rate name="pressure" unit="g.L-1.hour-1">0.0</uptake_rate>
</bulk>

</simulation>
</idynomics>