<idynomics>
 <simulation iterate="20" time="10.0" unit="hour">
<thickness domain="MyBiofilm" unit="um">
	<mean>20.823529411764707</mean>
	<stddev>18.20870927401516</stddev>
	<max>52.0</max>
</thickness>
<bulk name="MyTank">
<solute name="MyCOD" unit="g.L-1">0.01</solute>
<solute name="ai2" unit="g.L-1">0.0</solute>
<solute name="pressure" unit="g.L-1">0.0</solute>
<uptake_rate name="MyCOD" unit="g.L-1.hour-1">0.0</uptake_rate>
<uptake_rate name="ai2" unit="g.L-1.hour-1">0.0</uptake_rate>
<uptake_rate name="pressure" unit="g.L-1.hour-1">0.0</uptake_rate>
</bulk>

</simulation>
</idynomics>